<?xml version="1.0" encoding="UTF-8"?>
<project-private xmlns="http://www.netbeans.org/ns/project-private/1">
    <editor-bookmarks xmlns="http://www.netbeans.org/ns/editor-bookmarks/2" lastBookmarkId="0"/>
    <open-files xmlns="http://www.netbeans.org/ns/projectui-open-files/2">
        <group>
            <file>file:/C:/Users/User/Documents/NetBeansProjects/CareAndCure/src/CareAndCure/Bill_Ward.java</file>
            <file>file:/C:/Users/User/Documents/NetBeansProjects/CareAndCure/src/CareAndCure/Login.java</file>
            <file>file:/C:/Users/User/Documents/NetBeansProjects/CareAndCure/src/CareAndCure/Bill_WardRecord.java</file>
            <file>file:/C:/Users/User/Documents/NetBeansProjects/CareAndCure/src/CareAndCure/Login.jpg</file>
            <file>file:/C:/Users/User/Documents/NetBeansProjects/CareAndCure/src/CareAndCure/MainMenu.java</file>
            <file>file:/C:/Users/User/Documents/NetBeansProjects/CareAndCure/src/CareAndCure/Nurse_Wardboy.java</file>
            <file>file:/C:/Users/User/Documents/NetBeansProjects/CareAndCure/src/CareAndCure/Connect.java</file>
            <file>file:/C:/Users/User/Documents/NetBeansProjects/CareAndCure/src/CareAndCure/Bill_Room.java</file>
            <file>file:/C:/Users/User/Documents/NetBeansProjects/CareAndCure/src/CareAndCure/User.java</file>
            <file>file:/C:/Users/User/Documents/NetBeansProjects/CareAndCure/src/CareAndCure/voluntaryBloodDonorRecord.java</file>
            <file>file:/C:/Users/User/Documents/NetBeansProjects/CareAndCure/src/CareAndCure/contact.java</file>
            <file>file:/C:/Users/User/Documents/NetBeansProjects/CareAndCure/src/CareAndCure/bmiDataRecord.java</file>
            <file>file:/C:/Users/User/Documents/NetBeansProjects/CareAndCure/src/CareAndCure/DoctorRecord.java</file>
            <file>file:/C:/Users/User/Documents/NetBeansProjects/CareAndCure/src/CareAndCure/haha.java</file>
            <file>file:/C:/Users/User/Documents/NetBeansProjects/CareAndCure/src/CareAndCure/UsersRegistrationRecord.java</file>
            <file>file:/C:/Users/User/Documents/NetBeansProjects/CareAndCure/src/CareAndCure/query.java</file>
            <file>file:/C:/Users/User/Documents/NetBeansProjects/CareAndCure/src/CareAndCure/aboutus.java</file>
            <file>file:/C:/Users/User/Documents/NetBeansProjects/CareAndCure/src/CareAndCure/FirstBmiCalculator.java</file>
            <file>file:/C:/Users/User/Documents/NetBeansProjects/CareAndCure/src/CareAndCure/voluntaryBloodDonors.java</file>
            <file>file:/C:/Users/User/Documents/NetBeansProjects/CareAndCure/src/CareAndCure/test.java</file>
            <file>file:/C:/Users/User/Documents/NetBeansProjects/CareAndCure/src/CareAndCure/ShowInfo.java</file>
        </group>
    </open-files>
</project-private>
